Patient_ID,Case_ID,Auftragsdatum,COR,FSH,FT4,IGF1,LH,PROL,TEST,Operation_date,Diagnosis_Date,fold
36127,41123731,2021-03-18,522.0,,,,,,,2021-03-15,2021-03-01,
56082,40328111,2018-01-26,,,9.07,,,,,2018-04-13,2017-07-01,
56082,40476003,2018-04-12,536.0,21.8,11.7,38.2,9.6,6.7,,2018-04-13,2017-07-01,
74650,41299180,2021-08-19,264.0,,,,,,,2021-08-16,2021-08-05,
80696,41202474,2021-05-25,463.0,3.8,10.8,8.9,2.3,16.2,5.04,2021-06-25,2021-03-01,
80696,41254265,2021-06-28,53.0,,7.12,,,,,2021-06-25,2021-03-01,
175594,40654162,2019-01-22,636.0,50.2,15.2,11.2,18.0,6.3,,2019-02-08,2019-01-17,
175594,40660155,2019-02-07,338.0,42.5,14.4,10.1,15.6,5.8,,2019-02-08,2019-01-17,
234124,40652104,2019-01-18,,2.9,9.77,5.96,2.1,48.3,4.26,2019-03-13,2019-01-18,
234124,40668962,2019-02-26,16.0,3.2,13.9,20.0,0.9,62.9,2.24,2019-03-13,2019-01-18,
234124,40678151,2019-03-12,460.0,3.6,11.7,19.3,0.9,48.8,1.08,2019-03-13,2019-01-18,
266116,40523046,2018-06-19,202.0,60.8,11.0,14.4,21.6,6.3,,2018-06-20,2018-06-01,
354462,41152203,2021-02-22,313.0,0.7,10.7,6.94,0.2,41.8,,2021-02-25,2021-02-01,
374012,40406994,2018-12-06,515.0,15.9,15.3,11.0,,9.4,,2023-08-01,2008-01-01,
374012,41090418,2023-01-09,,,16.6,9.7,,9.44,,2023-08-01,2008-01-01,
445304,40658938,2019-01-29,610.0,11.3,12.0,7.86,2.9,10.8,,2019-02-27,2006-08-01,
445304,40664557,2019-02-26,512.0,19.6,12.1,7.54,,10.1,,2019-02-27,2006-08-01,
530338,41285043,2021-08-19,0.44,2.01,12.8,7.11,0.41,14.0,0.45,2023-03-29,2020-09-01,
530338,41854981,2023-03-28,27.0,1.92,13.2,5.63,0.45,11.3,0.45,2023-03-29,2020-09-01,
534824,10304942,2021-02-22,,,12.8,,,,,2021-02-26,2021-02-01,
534824,41136396,2021-03-01,35.0,,,,,,,2021-02-26,2021-02-01,
679219,40985991,2020-08-31,0.503,8.6,14.3,59.9,2.2,7.0,3.44,2020-08-31,2020-06-22,
698545,40352496,2018-05-16,440.6825,,10.1,17.4,,11.2,6.86,2021-10-22,2014-03-01,
698545,40798776,2019-09-16,573.0,,10.9,18.0,4.6,11.6,7.89,2021-10-22,2014-03-01,
698545,41029558,2020-09-24,453.2365,12.3,10.8,14.4,5.2,13.7,8.1,2021-10-22,2014-03-01,
698545,41364420,2021-10-25,0.401,,,,,,,2021-10-22,2014-03-01,
718384,40738187,2020-02-21,,,,,,30.6,,2020-11-02,2018-08-01,
718384,41042244,2020-11-03,35.0,,11.1,,,62.8,,2020-11-02,2018-08-01,
724566,40496788,2018-05-02,312.5,4.7,12.1,6.05,1.1,44.8,0.62,2018-05-18,2018-04-01,
724566,40496929,2018-05-19,64.0,,,,,,,2018-05-18,2018-04-01,
741529,41092133,2020-12-16,431.0,2.1,14.1,21.6,1.9,27.0,20.7,2021-01-01,2020-11-01,
762512,40568599,2018-09-20,277.0,,,76.7,,,,2018-09-19,2018-09-01,
770245,40479662,2019-01-16,599.5,3.4,9.04,22.2,6.4,,,2021-02-10,2018-09-18,
770245,40909713,2020-03-05,501.5,1.6,8.64,18.3,5.6,13.4,,2021-02-10,2018-09-18,
770245,41131459,2021-02-13,546.0,,,,,,,2021-02-10,2018-09-18,
300038107,41986197,2023-09-02,607.0,32.1,13.2,17.6,22.1,12.7,0.59,2023-09-14,2023-09-01,
300089791,40435452,2018-01-30,304.6495,7.1,8.17,10.8,0.7,19.9,0.75,2018-02-26,2017-12-01,
300089791,40444422,2018-03-01,522.0,,,,,,,2018-02-26,2017-12-01,
300095886,41821635,2023-02-20,0.272,15.0,17.5,13.2,25.0,33.5,,2023-02-21,2021-06-02,
300111316,40525063,2018-06-19,,3.5,12.1,88.2,3.3,24.4,,2018-07-11,2018-05-01,
300111316,40527105,2018-07-10,,4.0,11.2,46.1,4.8,16.7,,2018-07-11,2018-05-01,
300116322,40545139,2018-07-31,483.656,24.7,10.9,13.2,9.0,17.5,5.41,2018-08-27,2013-12-30,
300116322,40552750,2018-08-24,595.0,23.1,12.1,11.6,7.5,13.3,5.66,2018-08-27,2013-12-30,
300121638,40571641,2018-09-05,14.0,1.7,7.06,16.7,0.9,6.0,0.45,2018-09-07,2018-09-01,
300121872,40645199,2019-02-20,663.0,,13.3,34.0,,10.8,17.1,2019-10-02,2018-09-05,
300121872,40780879,2019-10-01,0.256,3.6,12.1,40.6,3.2,6.5,19.9,2019-10-02,2018-09-05,
300122126,40614949,2018-11-29,401.5,5.8,10.9,7.06,0.9,17.6,2.51,2019-10-01,2018-10-01,
300135859,40684496,2019-07-24,611.5,3.7,11.2,15.6,1.6,9.7,,2022-09-01,2019-01-01,
300135859,40951317,2020-06-24,386.218,3.8,12.9,14.6,2.0,9.1,11.9,2022-09-01,2019-01-01,
300135859,41229150,2021-07-21,350.7025,,13.3,,2.67,8.82,10.4,2022-09-01,2019-01-01,
300139324,40731315,2019-05-28,0.482,6.0,14.8,20.9,4.9,25.2,,2019-05-29,2019-05-10,
300141229,40685052,2019-04-02,0.448,3.5,8.31,13.6,2.3,19.8,,2019-04-03,2019-02-28,
300146159,41330653,2021-09-13,78.0,6.32,8.36,12.5,1.69,13.9,3.37,2021-09-17,2021-09-01,
300146159,41330948,2021-09-16,0.414,5.82,9.46,13.2,1.54,13.5,1.99,2021-09-17,2021-09-01,
300146159,41343601,2021-09-22,523.0,,,,,,,2021-09-17,2021-09-01,
300146323,40701846,2019-04-04,237.0,6.3,8.96,18.3,1.9,24.1,16.4,2019-04-15,2019-03-01,
300146323,40702893,2019-04-12,0.497,6.1,6.89,16.7,1.7,21.1,16.4,2019-04-15,2019-03-01,
300152679,40795297,2019-10-15,221.0,3.6,8.34,31.1,2.0,34.3,15.4,2019-10-16,2019-04-17,
300163600,41377142,2021-10-28,427.2215,,10.3,9.27,,27.6,,2021-11-03,2021-09-01,
300163600,41378996,2021-11-02,0.368,9.42,11.3,11.7,3.1,34.3,,2021-11-03,2021-09-01,
300163948,40790346,2019-09-10,73.7195,,,,,,,2019-09-11,2019-09-01,
300163948,40792991,2019-09-12,0.408,,,40.4,,,,2019-09-11,2019-09-01,
300176279,40852504,2019-12-05,0.324,,12.1,,,40.0,,2020-09-02,2019-12-05,
300176279,40854922,2019-12-09,,2.1,,7.33,0.2,,0.22,2020-09-02,2019-12-05,
300176279,40862729,2020-01-03,223.0,,,,,,,2020-09-02,2019-12-05,
300176279,40991188,2020-09-01,119.0,1.3,10.3,3.22,0.2,19.2,0.15,2020-09-02,2019-12-05,
300208856,41019511,2020-09-15,344.0,,,30.6,,,,2020-09-14,2020-02-17,
300228153,41121823,2021-02-04,441.0,,,,,,,2021-02-01,2021-01-01,
300284412,41143411,2021-02-23,507.218,5.2,6.66,7.44,1.8,5.5,3.74,2021-04-19,2021-02-01,
300284412,41177780,2021-04-22,297.0,,,,,,,2021-04-19,2021-02-01,
14433,40361775,2018-10-23,530.0,34.0,14.7,15.7,14.4,,,,2016-07-01,
17081,40397453,2018-11-27,412.2775,70.9,13.3,16.5,35.4,,,,2015-11-01,
20164,40950737,2020-09-29,,69.7,13.2,,41.0,3.3,0.97,,2018-05-17,
20374,40911486,2020-03-24,583.0,7.7,8.62,22.5,6.9,7.0,,,2020-02-03,
21106,40340018,2018-04-03,434.2325,2.2,11.9,11.8,1.4,5.1,2.83,,2016-07-01,
21106,40440866,2018-02-08,428.0,2.0,11.1,12.2,1.3,6.3,4.84,,2016-07-01,
21106,40478900,2018-07-10,,,,,,,4.89,,2016-07-01,
21106,40562323,2018-08-21,962.0,,,,,,,,2016-07-01,
21106,40701631,2019-12-09,0.426,,10.8,,,7.5,6.0,,2016-07-01,
21106,40874989,2020-06-26,0.467,,10.5,,,,,,2016-07-01,
23333,40327421,2018-08-15,527.0,5.2,10.2,15.8,3.2,11.8,,,2017-03-23,
23333,41009440,2020-08-21,658.5,,12.1,13.9,,12.6,22.7,,2017-03-23,
27510,41061710,2020-10-29,817.0,,13.4,23.5,,72.7,,,2020-09-28,
36721,41566260,2023-01-11,,0.84,11.7,29.5,0.2,30.6,,,2020-04-01,
36721,41867828,2023-04-06,,,11.0,,,20.3,,,2020-04-01,
38099,41855870,2023-05-05,,9.12,12.4,22.7,5.41,14.7,19.2,,2023-03-01,
38099,41875182,2023-04-18,,,13.7,,,,22.5,,2023-03-01,
38099,41932858,2023-08-10,,,14.7,,,,,,2023-03-01,
41668,41376200,2021-11-05,507.2885,56.6,3.6,4.18,14.6,0.89,,,2021-09-01,
43873,10170290,2019-02-25,,,,,,6.3,,,2007-11-01,
43873,10178470,2019-04-12,,,,,,53.2,,,2007-11-01,
43873,10196883,2019-08-12,,,,,,3.7,,,2007-11-01,
43873,10224978,2020-01-27,0.511,3.0,10.3,,1.9,8.0,8.95,,2007-11-01,
43873,10234037,2020-03-18,,,,,,8.6,,,2007-11-01,
43873,10268456,2020-09-11,,,,,,5.8,,,2007-11-01,
43873,10302528,2021-02-08,435.0,2.8,,33.5,1.4,10.7,5.69,,2007-11-01,
43873,10476780,2023-03-16,,,,,,5.21,11.4,,2007-11-01,
43873,10497196,2023-06-16,641.5,2.99,,32.3,2.14,30.8,6.15,,2007-11-01,
43873,10514657,2023-09-08,,,,,,27.0,4.37,,2007-11-01,
43873,40142274,2018-02-28,,,,,,93.8,,,2007-11-01,
50143,40541836,2018-09-25,624.0,,10.6,14.8,,12.7,16.2,,2017-06-01,
50143,41056020,2020-10-23,812.0,,14.0,11.4,,10.8,24.2,,2017-06-01,
59287,40488938,2019-04-15,512.0,54.0,11.2,14.5,,6.4,,,2015-01-01,
66706,41048524,2020-10-27,601.6995,2.7,10.2,18.8,2.9,11.8,11.7,,2020-10-01,
74960,41605948,2023-07-03,866.0,15.3,16.2,18.6,10.3,1.21,17.9,,2020-04-30,
87825,40127553,2018-01-10,,,14.8,,,,,,2007-04-01,
87825,40340021,2018-03-15,519.5,,12.0,14.1,,9.1,10.3,,2007-04-01,
87825,40562146,2018-11-08,475.5,,10.8,14.9,3.7,8.6,11.9,,2007-04-01,
87825,40786077,2019-10-14,666.5,5.2,11.5,12.9,3.6,10.4,10.5,,2007-04-01,
87825,41029375,2020-11-23,340.2775,4.5,7.59,12.5,2.6,9.6,7.49,,2007-04-01,
95142,40316917,2018-07-16,261.3935,,13.6,17.8,,5.2,6.04,,2013-05-01,
95142,40762293,2019-12-16,731.0,5.8,13.9,14.0,2.7,6.8,7.89,,2013-05-01,
95142,41243584,2021-06-21,371.182,8.07,17.8,16.1,3.26,4.33,8.46,,2013-05-01,
95638,41598245,2023-03-16,,6.42,,,3.79,32.8,,,2010-01-01,
101120,40906023,2020-03-27,380.0,,12.7,25.6,,17.8,,,2019-11-04,
101120,41839115,2023-02-25,,,15.2,,,,,,2019-11-04,
104384,40941323,2020-05-15,,5.3,13.4,27.4,6.7,12.7,22.5,,2020-03-15,
104384,41216149,2021-06-11,556.0,4.3,14.1,30.1,4.3,10.3,13.0,,2020-03-15,
112374,40384629,2018-08-16,372.0,3.6,12.1,14.5,7.4,3.7,19.8,,2011-02-01,
112374,40764158,2019-08-08,294.0,3.9,12.7,11.5,5.9,10.6,17.5,,2011-02-01,
112374,41326213,2023-09-26,,,,,,43.9,,,2011-02-01,
113792,40749140,2019-09-12,,,13.4,,,,,,2013-05-01,
113792,40970218,2020-10-05,,,13.1,33.2,,11.0,,,2013-05-01,
114020,40472124,2018-04-19,342.5,5.8,16.2,32.4,9.0,45.7,2.04,,2018-01-31,
114020,40693360,2019-08-15,311.7165,6.4,16.9,36.6,13.5,25.2,,,2018-01-31,
120515,41352030,2021-10-25,745.5,11.9,11.7,26.5,4.8,6.49,8.64,,2015-09-01,
158358,40213166,2018-01-17,,,,,,27.4,30.3,,2016-11-14,
158358,40649325,2019-02-13,,10.8,,,5.7,80.0,22.4,,2016-11-14,
159059,40385373,2018-10-31,46.0,,12.6,4.89,1.9,2.5,16.6,,2012-02-02,
159059,40833218,2019-11-07,35.0,1.2,12.2,4.51,2.0,2.6,18.7,,2012-02-02,
159059,41622135,2023-07-10,,1.52,12.5,3.97,2.33,1.89,,,2012-02-02,
166990,40337325,2018-03-09,601.0,4.6,10.6,36.1,8.2,7.3,14.1,,2017-08-08,
166990,40559582,2019-04-23,718.0,6.0,11.8,34.8,7.6,8.8,22.9,,2017-08-08,
180749,10191765,2019-07-09,,,12.5,,,,,,2016-11-01,
180749,40327215,2018-03-12,326.202,14.7,11.5,22.6,6.1,49.9,,,2016-11-01,
180749,40772136,2019-09-17,,14.0,11.2,,6.4,53.0,,,2016-11-01,
180749,41986478,2023-09-14,,2.98,,,2.11,53.1,,,2016-11-01,
200941,41624372,2023-05-15,,13.4,12.5,22.3,5.26,8.82,4.68,,2017-11-01,
212586,41315975,2021-09-21,392.5,7.01,15.9,17.1,3.02,7.51,13.7,,2021-07-01,
220057,40713951,2023-08-15,,0.3,,,0.2,,9.79,,2021-04-06,
220057,41205646,2021-06-16,,,,,,,10.1,,2021-04-06,
239729,41303864,2021-08-19,,121.0,7.3,,63.7,14.2,,,2020-11-25,
261154,41772466,2023-01-27,809.5,7.39,13.8,17.9,5.71,5.69,11.1,,2022-05-01,
268520,40480249,2018-05-02,210.2885,90.2,,10.7,36.7,7.6,,,2017-09-29,
268594,40466537,2018-03-19,,1.0,11.3,8.34,0.2,15.5,,,2018-02-06,
283111,41219971,2021-05-31,522.0,47.6,17.6,19.0,21.7,7.9,,,2021-05-17,
283111,41523488,2023-05-09,566.5,,16.0,19.2,,5.31,,,2021-05-17,
283111,41748822,2023-03-07,,,16.0,,,,,,2021-05-17,
297971,40449058,2018-02-28,403.225,57.4,11.9,10.3,22.5,7.7,0.51,,2018-02-09,
297971,40898111,2020-05-12,423.736,61.2,12.5,9.96,24.2,8.0,,,2018-02-09,
305664,40141573,2018-02-15,,6.5,15.4,19.1,2.8,9.1,21.1,,2012-03-01,
305664,40577666,2019-02-19,,6.9,15.7,14.0,3.4,7.2,16.5,,2012-03-01,
305664,40801341,2020-02-20,,7.2,15.6,14.6,3.7,7.0,15.3,,2012-03-01,
305664,41029592,2023-02-01,,9.53,18.0,16.3,3.05,6.9,14.4,,2012-03-01,
306125,40264346,2018-03-06,,,,,,11.0,24.1,,2014-11-12,
306125,40483253,2019-01-25,352.7565,9.7,12.4,17.6,14.1,62.2,27.7,,2014-11-12,
306125,40706196,2019-08-22,,8.3,12.4,18.3,11.1,7.1,20.3,,2014-11-12,
309799,41875852,2023-04-14,,,11.6,,,,,,2016-10-11,
313269,40765109,2019-10-01,,4.6,11.5,25.2,2.6,2.7,9.31,,2015-07-01,
313269,41028433,2021-01-28,,,,24.6,2.1,8.9,6.04,,2015-07-01,
315456,40725488,2019-05-23,506.0,2.4,11.3,39.2,3.6,12.3,1.08,,2019-02-01,
319108,40132207,2018-02-02,,6.8,,,3.7,22.7,,,2014-09-01,
319108,41735939,2023-01-20,750.5,6.92,13.2,26.9,2.94,5.3,,,2014-09-01,
325103,41294961,2021-08-10,473.2285,,17.2,15.8,,48.6,,,2021-05-01,
345497,40342448,2018-03-29,360.6875,46.5,11.2,10.9,32.2,11.7,,,2016-08-01,
345497,40565014,2019-03-21,456.5,,10.6,12.7,36.4,7.0,,,2016-08-01,
362517,10279517,2020-10-26,,,10.7,,,61.6,,,2019-09-30,
362517,10293828,2020-12-23,,,,,,82.0,,,2019-09-30,
362517,10305747,2021-02-25,,,,,,103.0,,,2019-09-30,
362517,10316892,2021-04-27,,,,,,172.0,,,2019-09-30,
362517,40827533,2019-11-01,589.5,2.7,10.4,22.1,7.9,19.1,,,2019-09-30,
362517,41623948,2023-05-17,,,,,,17.3,,,2019-09-30,
391849,41112222,2021-04-28,,,12.7,,,24.8,,,2016-12-10,
391849,41511188,2023-04-27,366.7145,,12.8,34.4,,8.26,,,2016-12-10,
393986,40333032,2018-09-17,477.0,6.8,13.2,,10.3,9.0,,,2008-10-01,
393986,40778923,2019-10-04,357.676,,13.6,11.4,,7.6,,,2008-10-01,
397684,40233859,2018-01-29,403.5,2.7,11.3,15.9,6.7,32.0,,,2016-05-01,
397684,40366916,2018-02-07,,,12.9,,,,,,2016-05-01,
397684,40446022,2018-02-25,,,11.7,,,,,,2016-05-01,
397684,40900934,2021-04-13,,,,,,145.0,,,2016-05-01,
419804,40615049,2018-12-27,386.325,25.5,10.9,15.7,15.2,,,,2014-01-01,
419804,41787582,2023-02-17,515.5,,13.4,16.7,,7.05,,,2014-01-01,
420441,40356741,2018-12-21,290.202,6.3,15.5,24.4,2.9,5.2,20.2,,2014-07-09,
427032,40428064,2018-11-27,,42.8,10.4,16.3,,8.2,,,2013-10-23,
427032,40649318,2019-09-10,,44.7,10.1,16.1,,9.7,,,2013-10-23,
427032,40876699,2020-03-27,,41.8,10.7,16.2,,8.1,,,2013-10-23,
427032,41125355,2021-08-10,,45.7,12.3,18.8,23.6,6.46,,,2013-10-23,
427032,41808313,2023-03-07,,46.1,13.9,31.9,,6.48,,,2013-10-23,
430196,40590493,2019-04-11,,2.6,,,1.9,0.3,11.9,,2018-01-19,
430196,40815023,2019-10-11,,2.8,11.0,18.7,1.9,0.3,12.2,,2018-01-19,
430196,41045475,2021-01-12,,2.5,11.2,19.7,2.4,11.1,9.02,,2018-01-19,
432865,41806727,2023-02-27,,,,21.8,,,,,2021-03-01,
440910,41415437,2021-12-01,346.198,,13.7,12.6,,25.5,,,2012-05-01,
446771,10482856,2023-04-13,,6.95,,,7.23,7.97,1.69,,2014-02-01,
446771,41808866,2023-04-19,427.0,,15.2,37.5,,6.93,,,2014-02-01,
448017,40437603,2018-07-18,,4.2,10.7,29.4,3.5,12.3,,,2014-11-01,
448017,40658656,2019-09-02,,,,,,12.2,,,2014-11-01,
448017,41136130,2021-02-04,,5.5,10.8,24.3,10.9,12.5,,,2014-11-01,
448017,41491890,2023-03-06,,,,,,11.9,,,2014-11-01,
448017,41819260,2023-09-08,,,,,,10.6,,,2014-11-01,
464458,40716728,2019-04-29,,,15.6,,,,,,2011-07-01,
464458,40739467,2019-06-20,,,13.8,,,,,,2011-07-01,
464458,40824880,2019-10-25,414.5,4.8,16.9,15.2,2.5,9.4,13.5,,2011-07-01,
464458,40830742,2019-11-01,,,21.0,,,,,,2011-07-01,
464458,41049915,2020-11-19,,5.5,,,2.8,13.1,13.3,,2011-07-01,
464458,41275787,2021-09-06,,5.5,15.9,18.2,3.02,8.43,14.7,,2011-07-01,
465365,41722718,2023-05-03,344.245,,14.2,19.6,,16.6,,,2018-07-01,
492322,40698573,2019-04-05,545.0,57.8,13.0,17.8,21.5,13.8,,,2017-08-01,
501909,40749536,2019-07-23,463.5,72.7,14.0,12.0,29.5,11.5,,,2019-05-01,
509136,40269177,2018-05-03,,,,,,27.5,,,2008-07-01,
509136,40489684,2019-04-29,,,,,,35.1,,,2008-07-01,
509136,40712021,2019-08-13,,,12.0,,,40.9,,,2008-07-01,
525910,40450990,2018-11-28,409.5,5.6,14.1,33.2,4.0,14.5,,,2013-06-01,
525910,40973481,2020-06-29,499.0,8.7,17.9,24.2,4.9,15.8,,,2013-06-01,
530198,40386331,2018-09-13,,1.5,,5.99,0.4,7.5,36.7,,2015-10-22,
530198,40607951,2019-09-09,,,11.8,,0.3,6.1,42.6,,2015-10-22,
530198,40834170,2020-10-14,,8.3,12.2,6.63,3.4,5.85,16.6,,2015-10-22,
545069,41851860,2023-03-20,,6.57,13.8,,,30.2,,,2021-11-30,
563268,40335520,2018-11-12,0.4315,,11.8,17.5,,1.8,,,2009-08-01,
563268,40999106,2020-08-06,279.2065,,12.4,16.9,,7.0,,,2009-08-01,
569633,41128347,2021-02-12,550.5,4.8,11.7,11.4,2.5,1.1,6.26,,2021-01-01,
575650,40576986,2018-09-14,,5.6,11.6,18.7,10.8,6.1,,,2018-09-12,
575650,40580946,2018-10-01,286.2565,9.4,11.9,25.9,6.9,23.0,,,2018-09-12,
579143,40338275,2018-10-04,,,10.4,,,1.0,20.3,,1992-01-01,
579143,40783589,2019-11-20,,,10.4,,0.2,16.4,15.7,,1992-01-01,
579143,41029350,2021-02-12,,0.2,9.51,19.9,0.2,16.8,14.3,,1992-01-01,
580813,41029198,2021-05-03,,,12.5,21.7,,17.1,,,2019-07-01,
580813,41337365,2021-11-03,,3.37,11.9,20.5,1.36,7.68,,,2019-07-01,
593992,40648265,2019-05-07,,39.5,14.8,11.9,10.8,69.3,,,2013-06-01,
593992,41088917,2021-05-25,,,12.5,12.1,,12.1,,,2013-06-01,
593992,41416598,2023-05-17,,,14.2,12.6,,5.52,,,2013-06-01,
606942,41375646,2021-10-26,411.0,,13.4,42.7,,35.7,,,2021-09-01,
613086,40390636,2018-05-18,338.6515,15.4,13.7,29.7,45.6,15.8,,,2011-01-01,
613086,40842614,2019-11-25,385.0,4.7,14.0,31.4,2.4,8.9,,,2011-01-01,
616578,40402475,2018-01-04,,,,,,,8.08,,2013-07-01,
616578,40441568,2019-11-28,,,9.74,16.9,7.7,9.3,7.54,,2013-07-01,
636550,40224409,2019-03-19,,,10.8,,,2.6,8.23,,2011-11-01,
636550,40603144,2019-09-03,,,11.8,,,4.6,16.2,,2011-11-01,
636550,40826751,2020-03-20,,,12.0,13.1,,6.2,18.8,,2011-11-01,
636550,41593777,2023-06-13,,7.04,12.7,10.1,4.42,1.49,14.2,,2011-11-01,
641248,40369631,2018-06-15,826.5,53.7,10.8,20.9,25.3,12.1,,,2016-09-01,
641248,40727282,2019-06-21,112.35,58.1,11.6,21.3,28.8,7.5,,,2016-09-01,
641248,40947580,2020-08-21,549.0,40.5,10.7,14.1,25.8,15.3,,,2016-09-01,
641498,40593474,2018-12-13,,4.5,12.3,16.2,4.6,35.3,,,2011-12-01,
641498,41048740,2021-07-22,,,12.9,20.1,,28.5,,,2011-12-01,
659263,40306938,2018-05-17,907.0,3.0,13.8,14.0,3.8,6.6,,,2012-02-12,
659263,41086688,2020-11-30,,0.2,12.9,13.3,0.2,18.1,,,2012-02-12,
659263,41107166,2020-12-29,,,14.3,,,,,,2012-02-12,
659263,41863244,2023-06-20,,,15.4,18.6,,5.44,,,2012-02-12,
662362,40282704,2018-05-03,,15.4,12.3,,8.8,13.8,15.5,,2013-09-01,
662362,40939220,2020-05-19,,16.8,12.7,17.6,8.5,10.1,22.7,,2013-09-01,
662362,41213296,2021-06-22,,16.7,10.2,17.8,9.3,7.2,16.9,,2013-09-01,
662362,41598242,2023-06-09,,25.5,13.2,,8.47,10.6,19.6,,2013-09-01,
676748,40487515,2019-03-25,391.6875,,11.1,3.53,,5.8,8.46,,2012-12-01,
676748,41025957,2020-11-02,407.724,,10.6,3.58,2.5,7.3,10.2,,2012-12-01,
679062,40286106,2018-01-15,571.0,,12.0,27.8,,17.8,15.3,,2013-01-07,
679062,40507226,2018-08-24,250.154,5.0,12.4,21.2,2.5,30.5,20.0,,2013-01-07,
679062,40949719,2021-02-17,,4.7,11.7,23.0,1.89,16.9,18.1,,2013-01-07,
679062,41612626,2023-03-14,,7.16,,,2.89,10.4,19.4,,2013-01-07,
682837,10323538,2021-06-01,,,10.3,,,,,,2019-07-01,
682837,40756615,2019-07-22,,2.9,,,2.4,215.0,6.43,,2019-07-01,
682837,41029223,2021-01-04,,4.13,9.97,34.0,2.07,2.8,10.5,,2019-07-01,
696564,40526426,2018-06-27,666.0,,,22.2,,59.1,,,2016-04-15,
700119,40528111,2019-04-24,,,,,,36.0,,,2013-09-02,
700119,40934931,2020-08-11,,,12.4,,,4.3,,,2013-09-02,
701124,40353342,2018-10-02,959.0,2.9,12.1,38.7,4.5,27.6,,,2017-06-06,
707000,40811230,2020-01-10,533.0,63.0,14.4,18.3,31.6,22.6,,,2013-10-01,
707000,41242220,2021-07-09,385.0,,17.2,15.9,,26.6,,,2013-10-01,
719666,40269172,2018-03-06,,,12.7,14.4,,6.5,6.37,,2014-03-01,
719666,40489681,2018-09-05,,,10.4,15.3,0.2,8.0,6.99,,2014-03-01,
719666,40712018,2019-09-09,,,,,,15.6,,,2014-03-01,
719666,40932906,2020-06-08,653.0,6.32,12.0,13.6,1.2,5.0,3.04,,2014-03-01,
723521,40403417,2018-07-31,,4.2,,,6.5,9.2,,,2014-04-01,
723521,40766849,2019-07-25,284.634,4.6,12.5,20.9,10.1,7.9,,,2014-04-01,
723521,41028477,2021-03-11,,,14.4,29.3,,19.9,,,2014-04-01,
743647,40937398,2020-05-14,361.5,92.6,11.1,14.1,41.2,8.0,,,2020-04-20,
756395,40334226,2018-01-04,,2.3,10.7,31.8,2.8,2.3,,,2014-12-01,
756395,40556869,2018-11-14,,9.4,,,36.1,6.2,,,2014-12-01,
756395,40778286,2019-12-03,,2.2,,21.0,3.0,10.1,,,2014-12-01,
763520,40482221,2018-10-08,199.0,121.0,11.7,17.3,40.0,27.6,,,2016-09-01,
771570,40209059,2018-02-19,,,,,,5.4,,,2014-02-01,
771570,40423691,2018-09-12,,,,,,1.3,,,2014-02-01,
771570,40645595,2019-10-09,,,,,,1.6,,,2014-02-01,
771570,40872712,2020-03-11,,,,,,1.9,,,2014-02-01,
771570,41120622,2021-01-14,,,,,,4.18,,,2014-02-01,
771570,41465119,2023-01-25,,,13.9,29.8,,6.66,,,2014-02-01,
300005160,40520835,2018-06-22,512.5,3.2,11.6,25.4,3.2,10.7,0.72,,2018-02-01,
300005160,40876518,2020-01-20,290.1975,9.2,11.5,22.0,6.5,16.5,1.19,,2018-02-01,
300005321,40261776,2018-04-12,0.423,3.5,12.0,21.3,6.7,1.7,,,2016-02-01,
300008318,40834524,2019-11-28,267.0,,,,,,,,2018-01-01,
300019022,40427299,2018-02-07,836.5,4.1,12.3,35.0,3.1,22.7,,,2016-06-01,
300019022,40836810,2020-02-12,387.7885,4.0,13.1,29.5,1.2,8.18,,,2016-06-01,
300038271,40194284,2018-03-13,534.5,6.1,8.88,13.3,4.0,264.0,9.76,,2016-10-01,
300038271,40410602,2018-09-20,495.5,5.8,8.6,13.3,4.8,178.0,13.7,,2016-10-01,
300038271,40810969,2019-10-02,349.18,5.3,9.66,15.4,3.5,0.437,8.03,,2016-10-01,
300039327,40489150,2018-05-17,442.0,,,16.6,,,,,2018-04-12,
300039327,40711767,2019-05-17,507.0,58.3,12.9,15.6,26.4,9.8,,,2018-04-12,
300039327,41073385,2020-11-12,359.1785,45.8,13.6,19.3,19.1,7.9,,,2018-04-12,
300042597,40200711,2018-01-10,632.5,2.4,,15.6,5.1,26.8,,,2017-11-15,
300042597,40416167,2019-01-14,404.234,3.6,12.4,15.8,4.4,14.7,,,2017-11-15,
300042597,40864845,2020-01-13,361.72,,13.6,18.0,,18.0,,,2017-11-15,
300044383,40194406,2018-03-05,316.744,2.3,11.0,44.0,2.6,6.4,,,2016-12-01,
300044383,40643480,2019-05-27,350.7045,4.4,11.4,30.3,2.8,8.4,,,2016-12-01,
300044383,40869456,2020-01-13,,0.6,13.7,18.3,0.4,6.8,,,2016-12-01,
300044898,10198329,2019-08-20,,,,,,70.0,,,2019-08-01,
300044898,41052357,2021-02-09,,,13.0,28.2,,14.1,,,2019-08-01,
300044898,41901942,2023-07-11,,,,,,11.6,,,2019-08-01,
300050273,40260455,2018-03-15,435.5,7.4,,22.9,2.2,12.2,,,2017-03-01,
300055956,41753117,2023-01-24,,2.89,15.0,31.1,6.01,22.8,,,2022-10-01,
300060826,40783006,2019-08-20,261.675,1.4,11.2,26.8,0.3,7.58,,,2019-08-15,
300074226,40337331,2018-02-07,216.33,25.4,10.6,8.95,8.0,9.2,,,2017-06-13,
300074226,40459259,2018-03-13,420.0,26.7,12.2,8.44,9.9,,,,2017-06-13,
300074226,40559583,2019-09-06,491.5,28.0,12.3,8.8,8.9,8.4,,,2017-06-13,
300076830,41337374,2021-12-22,,,,,,38.2,,,2018-07-11,
300076830,41908062,2023-06-20,516.0,,13.1,24.0,,11.7,,,2018-07-11,
300083673,41739660,2023-01-16,,5.05,15.0,,5.28,8.62,0.98,,2022-04-01,
300085437,10243007,2020-05-15,,,,28.6,,,,,2017-11-14,
300085437,10316326,2021-04-22,,,,20.3,,,,,2017-11-14,
300087536,40947596,2020-08-11,291.0,2.7,13.4,15.9,2.6,6.85,12.9,,2020-04-27,
300087536,41223132,2021-07-30,505.5,,,,,,,,2020-04-27,
300093978,40645100,2019-01-18,638.5,59.7,9.08,11.8,27.5,10.3,,,2018-12-01,
300093978,40871973,2020-06-10,394.213,31.8,8.29,9.97,15.0,11.1,,,2018-12-01,
300093978,41668479,2023-08-10,626.5,55.7,10.2,10.9,25.5,8.76,,,2018-12-01,
300096301,40578454,2018-12-10,,25.2,,,20.5,5.8,,,1992-01-01,
300096301,41283030,2021-07-22,,89.4,14.8,,,5.15,,,1992-01-01,
300101347,40536446,2018-07-19,368.7775,,13.9,19.5,,16.7,,,2018-06-26,
300101347,41507635,2023-03-03,,0.95,17.4,25.4,2.62,8.44,,,2018-06-26,
300106418,40871852,2020-04-22,,0.2,12.7,13.0,0.2,5.3,,,2018-04-01,
300106418,41608696,2023-03-23,,,,,,56.1,,,2018-04-01,
300106418,41904125,2023-06-15,,,,,,2.41,,,2018-04-01,
300111544,40541192,2018-07-30,303.262,2.5,10.9,29.3,2.3,30.4,15.4,,2018-06-06,
300111544,40764150,2019-07-23,,,12.9,,,16.4,19.3,,2018-06-06,
300111544,41572372,2023-09-04,,,16.1,23.4,,11.4,17.5,,2018-06-06,
300129549,40611399,2018-11-13,,5.6,,,3.3,8.8,,,2018-11-11,
300129549,40635345,2018-12-31,825.0,6.7,13.7,13.5,3.0,6.3,13.2,,2018-11-11,
300129549,40862268,2020-05-25,420.1975,5.7,16.3,15.7,2.21,5.9,9.99,,2018-11-11,
300129549,41841254,2023-07-13,404.706,9.49,18.9,16.9,3.15,6.22,14.0,,2018-11-11,
300145402,10293611,2021-01-13,,11.9,12.1,18.4,5.7,6.8,19.3,,2020-01-21,
300145402,40877902,2020-01-21,373.5,11.8,11.0,16.9,6.3,8.4,15.8,,2020-01-21,
300158347,40791985,2019-09-02,414.702,4.6,6.85,1.61,2.6,20.2,2.32,,2019-08-28,
300158347,40866153,2019-12-30,708.0,4.2,9.78,2.22,3.2,,2.4,,2019-08-28,
300165375,40811472,2019-10-01,453.5,83.3,12.7,19.9,30.8,6.0,,,2019-10-01,
300186898,41294221,2021-08-23,699.0,,14.9,20.1,,27.2,,,2021-07-10,
300241712,41153362,2021-04-16,,3.3,13.2,17.5,3.0,5.76,5.73,,2021-02-19,
300301551,41209720,2021-06-18,577.0,2.3,9.61,11.9,1.4,75.7,5.49,,2021-04-01,
300312446,41314500,2021-09-02,0.488,,,,,,,,2021-06-01,
300387138,41673803,2023-01-13,,,,,,1.07,10.4,,2022-07-15,
