Patient_ID,Case_ID,Auftragsdatum,COR,FSH,FT4,IGF1,LH,PROL,TEST
7375,41172058,2021-04-23,373.5,10.8,12.1,8.73,4.0,6.0,8.66
14433,40361775,2018-10-23,530.0,34.0,14.7,15.7,14.4,,
17081,40397453,2018-11-27,412.2775,70.9,13.3,16.5,35.4,,
20164,40555785,2018-08-22,340.7025,27.4,12.1,35.4,34.0,5.6,
20164,40913560,2020-05-22,50.0,48.6,15.3,27.2,30.9,3.8,
20164,40950737,2020-09-29,,69.7,13.2,,41.0,3.3,0.97
20374,40911486,2020-03-24,583.0,7.7,8.62,22.5,6.9,7.0,
21106,40340018,2018-04-03,434.2325,2.2,11.9,11.8,1.4,5.1,2.83
21106,40440866,2018-02-08,428.0,2.0,11.1,12.2,1.3,6.3,4.84
21106,40478900,2018-07-10,,,,,,,4.89
21106,40562323,2018-08-21,962.0,,,,,,
21106,40701631,2019-12-09,0.426,,10.8,,,7.5,6.0
21106,40874989,2020-06-26,0.467,,10.5,,,,
23333,41009440,2020-08-21,658.5,,12.1,13.9,,12.6,22.7
23333,40327421,2018-08-15,527.0,5.2,10.2,15.8,3.2,11.8,
27510,41061710,2020-10-29,817.0,,13.4,23.5,,72.7,
36127,41123731,2021-03-18,522.0,,,,,,
36721,40923357,2020-07-13,409.1935,0.6,8.5,30.1,0.2,51.1,
36721,41185544,2021-04-16,,0.6,10.7,25.0,0.2,21.1,
36721,41566260,2023-01-11,,0.84,11.7,29.5,0.2,30.6,
36721,41867828,2023-04-06,,,11.0,,,20.3,
38099,41855870,2023-05-05,,9.12,12.4,22.7,5.41,14.7,19.2
38099,41875182,2023-04-18,,,13.7,,,,22.5
38099,41932858,2023-08-10,,,14.7,,,,
41668,41376200,2021-11-05,507.2885,56.6,3.6,4.18,14.6,0.89,
43873,10476780,2023-03-16,,,,,,5.21,11.4
43873,40142274,2018-02-28,,,,,,93.8,
43873,10514657,2023-09-08,,,,,,27.0,4.37
43873,10497196,2023-06-16,641.5,2.99,,32.3,2.14,30.8,6.15
43873,10302528,2021-02-08,435.0,2.8,,33.5,1.4,10.7,5.69
43873,10170290,2019-02-25,,,,,,6.3,
43873,10234037,2020-03-18,,,,,,8.6,
43873,10224978,2020-01-27,0.511,3.0,10.3,,1.9,8.0,8.95
43873,10196883,2019-08-12,,,,,,3.7,
43873,10178470,2019-04-12,,,,,,53.2,
43873,10268456,2020-09-11,,,,,,5.8,
50143,40541836,2018-09-25,624.0,,10.6,14.8,,12.7,16.2
50143,41056020,2020-10-23,812.0,,14.0,11.4,,10.8,24.2
56082,40328111,2018-01-26,,,9.07,,,,
56082,40476003,2018-04-12,536.0,21.8,11.7,38.2,9.6,6.7,
59287,40488938,2019-04-15,512.0,54.0,11.2,14.5,,6.4,
66706,41730697,2023-06-14,,,,,,13.2,
66706,41044665,2020-10-07,596.6666666666666,1.8,12.9,19.5,1.2,1000.0,7.04
66706,41048524,2020-10-27,601.6995,2.7,10.2,18.8,2.9,11.8,11.7
74650,41299180,2021-08-19,264.0,,,,,,
74960,40944551,2020-06-17,408.731,5.3,15.4,14.5,3.7,0.2,8.43
74960,41605948,2023-07-03,866.0,15.3,16.2,18.6,10.3,1.21,17.9
80696,41202474,2021-05-25,463.0,3.8,10.8,8.9,2.3,16.2,5.04
80696,41254265,2021-06-28,53.0,,7.12,,,,
82016,40345339,2018-04-16,369.7305,87.3,12.9,19.2,28.1,17.8,
87825,41029375,2020-11-23,340.2775,4.5,7.59,12.5,2.6,9.6,7.49
87825,40562146,2018-11-08,475.5,,10.8,14.9,3.7,8.6,11.9
87825,40786077,2019-10-14,666.5,5.2,11.5,12.9,3.6,10.4,10.5
87825,40340021,2018-03-15,519.5,,12.0,14.1,,9.1,10.3
87825,40127553,2018-01-10,,,14.8,,,,
87825,40481786,2018-06-19,,,12.9,,,,
91319,40874306,2020-04-15,171.628,14.8,13.1,14.4,8.6,1.9,12.5
91319,41122760,2021-03-18,,,12.4,18.2,5.9,5.21,18.6
91319,41469443,2023-08-11,,17.9,13.2,15.0,9.89,97.1,14.6
95142,40316917,2018-07-16,261.3935,,13.6,17.8,,5.2,6.04
95142,40762293,2019-12-16,731.0,5.8,13.9,14.0,2.7,6.8,7.89
95142,41243584,2021-06-21,371.182,8.07,17.8,16.1,3.26,4.33,8.46
95638,40939688,2020-05-22,,2.9,10.9,19.2,1.6,11.4,
95638,41598245,2023-03-16,,6.42,,,3.79,32.8,
101120,40906023,2020-03-27,380.0,,12.7,25.6,,17.8,
101120,41839115,2023-02-25,,,15.2,,,,
104384,41216149,2021-06-11,556.0,4.3,14.1,30.1,4.3,10.3,13.0
104384,40941323,2020-05-15,,5.3,13.4,27.4,6.7,12.7,22.5
112374,40541632,2019-02-07,334.0,3.4,11.0,12.3,5.2,35.8,3.8
112374,40764158,2019-08-08,294.0,3.9,12.7,11.5,5.9,10.6,17.5
112374,41326213,2023-09-26,,,,,,43.9,
112374,40384629,2018-08-16,372.0,3.6,12.1,14.5,7.4,3.7,19.8
113792,40525843,2018-09-18,1380.0,0.4,12.0,31.9,,15.3,
113792,40749140,2019-09-12,,,13.4,,,,
113792,40970218,2020-10-05,,,13.1,33.2,,11.0,
114020,40472124,2018-04-19,342.5,5.8,16.2,32.4,9.0,45.7,2.04
114020,40693360,2019-08-15,311.7165,6.4,16.9,36.6,13.5,25.2,
116813,41569241,2023-05-23,339.5,51.4,10.2,19.0,,4.21,
120515,41352030,2021-10-25,745.5,11.9,11.7,26.5,4.8,6.49,8.64
158358,40876705,2020-07-01,,9.3,,,3.3,78.0,22.1
158358,40649325,2019-02-13,,10.8,,,5.7,80.0,22.4
158358,40428076,2018-07-10,634.5,9.0,12.0,20.4,2.8,80.3,15.0
158358,40213166,2018-01-17,,,,,,27.4,30.3
159059,40385373,2018-10-31,46.0,,12.6,4.89,1.9,2.5,16.6
159059,40833218,2019-11-07,35.0,1.2,12.2,4.51,2.0,2.6,18.7
159059,41622135,2023-07-10,,1.52,12.5,3.97,2.33,1.89,
166990,40337325,2018-03-09,601.0,4.6,10.6,36.1,8.2,7.3,14.1
166990,40559582,2019-04-23,718.0,6.0,11.8,34.8,7.6,8.8,22.9
175594,40654162,2019-01-22,636.0,50.2,15.2,11.2,18.0,6.3,
175594,40660155,2019-02-07,338.0,42.5,14.4,10.1,15.6,5.8,
180749,41986478,2023-09-14,,2.98,,,2.11,53.1,
180749,40772136,2019-09-17,,14.0,11.2,,6.4,53.0,
180749,41696480,2023-08-10,,,11.0,19.3,,64.4,
180749,40327215,2018-03-12,326.202,14.7,11.5,22.6,6.1,49.9,
180749,10191765,2019-07-09,,,12.5,,,,
180749,40549573,2019-04-05,,3.3,,,4.5,76.7,
200941,40346316,2018-02-26,,,,,,3.3,11.5
200941,40792356,2019-11-25,0.423,10.9,11.4,20.7,4.7,8.4,7.75
200941,41624372,2023-05-15,,13.4,12.5,22.3,5.26,8.82,4.68
212586,41315975,2021-09-21,392.5,7.01,15.9,17.1,3.02,7.51,13.7
220057,40713951,2023-08-15,,0.3,,,0.2,,9.79
220057,41205646,2021-06-16,,,,,,,10.1
234124,40652104,2019-01-18,,2.9,9.77,5.96,2.1,48.3,4.26
234124,40668962,2019-02-26,16.0,3.2,13.9,20.0,0.9,62.9,2.24
234124,40678151,2019-03-12,460.0,3.6,11.7,19.3,0.9,48.8,1.08
239729,41005638,2021-03-05,,15.8,15.1,,17.0,25.9,
239729,41303864,2021-08-19,,121.0,7.3,,63.7,14.2,
261154,41772466,2023-01-27,809.5,7.39,13.8,17.9,5.71,5.69,11.1
266116,40523046,2018-06-19,202.0,60.8,11.0,14.4,21.6,6.3,
268520,40480249,2018-05-02,210.2885,90.2,,10.7,36.7,7.6,
268594,40432628,2018-02-07,963.5,1.6,14.3,5.15,0.2,23.2,
268594,40466537,2018-03-19,,1.0,11.3,8.34,0.2,15.5,
283111,41059637,2021-05-19,,,15.1,,,,
283111,41219971,2021-05-31,522.0,47.6,17.6,19.0,21.7,7.9,
283111,41388467,2021-12-20,,,18.4,,,,
283111,41523488,2023-05-09,566.5,,16.0,19.2,,5.31,
283111,41748822,2023-03-07,,,16.0,,,,
297971,40445695,2018-02-09,523.0,76.1,12.0,13.0,,7.9,
297971,40449058,2018-02-28,403.225,57.4,11.9,10.3,22.5,7.7,0.51
297971,40898111,2020-05-12,423.736,61.2,12.5,9.96,24.2,8.0,
298149,40496221,2018-06-06,629.5,3.9,12.8,22.3,7.0,11.3,31.7
305664,41029592,2023-02-01,,9.53,18.0,16.3,3.05,6.9,14.4
305664,40801341,2020-02-20,,7.2,15.6,14.6,3.7,7.0,15.3
305664,40141573,2018-02-15,,6.5,15.4,19.1,2.8,9.1,21.1
305664,40577666,2019-02-19,,6.9,15.7,14.0,3.4,7.2,16.5
306125,40264346,2018-03-06,,,,,,11.0,24.1
306125,40483253,2019-01-25,352.7565,9.7,12.4,17.6,14.1,62.2,27.7
306125,40706196,2019-08-22,,8.3,12.4,18.3,11.1,7.1,20.3
309799,40806500,2019-10-21,269.0,3.5,10.5,14.2,6.8,9.5,
309799,41875852,2023-04-14,,,11.6,,,,
313269,40542058,2018-09-06,,4.6,10.9,24.0,2.7,3.2,11.5
313269,40765109,2019-10-01,,4.6,11.5,25.2,2.6,2.7,9.31
313269,41028433,2021-01-28,,,,24.6,2.1,8.9,6.04
313269,41337344,2021-10-04,,,13.9,23.1,4.33,10.6,
315456,40725488,2019-05-23,506.0,2.4,11.3,39.2,3.6,12.3,1.08
319108,41735939,2023-01-20,750.5,6.92,13.2,26.9,2.94,5.3,
319108,40902328,2020-03-17,,0.3,10.9,,0.2,17.2,
319108,40375916,2018-04-06,,5.2,,,2.5,18.6,
319108,40132207,2018-02-02,,6.8,,,3.7,22.7,
325103,41294961,2021-08-10,473.2285,,17.2,15.8,,48.6,
345497,40342448,2018-03-29,360.6875,46.5,11.2,10.9,32.2,11.7,
345497,40565014,2019-03-21,456.5,,10.6,12.7,36.4,7.0,
354462,41152203,2021-02-22,313.0,0.7,10.7,6.94,0.2,41.8,
354462,41152867,2021-02-21,560.0,,9.3,,,,
362517,41238439,2021-09-03,,,12.5,,,45.3,
362517,40827533,2019-11-01,589.5,2.7,10.4,22.1,7.9,19.1,
362517,10316892,2021-04-27,,,,,,172.0,
362517,41623948,2023-05-17,,,,,,17.3,
362517,10293828,2020-12-23,,,,,,82.0,
362517,10279517,2020-10-26,,,10.7,,,61.6,
362517,10305747,2021-02-25,,,,,,103.0,
374012,40406994,2018-12-06,515.0,15.9,15.3,11.0,,9.4,
374012,40456544,2020-12-03,,,15.4,9.57,,7.8,
374012,41090418,2023-01-09,,,16.6,9.7,,9.44,
391849,41112222,2021-04-28,,,12.7,,,24.8,
391849,41511188,2023-04-27,366.7145,,12.8,34.4,,8.26,
393986,40333032,2018-09-17,477.0,6.8,13.2,,10.3,9.0,
393986,40778923,2019-10-04,357.676,,13.6,11.4,,7.6,
397684,40233859,2018-01-29,403.5,2.7,11.3,15.9,6.7,32.0,
397684,40366916,2018-02-07,,,12.9,,,,
397684,40446022,2018-02-25,,,11.7,,,,
397684,40900934,2021-04-13,,,,,,145.0,
419804,40615049,2018-12-27,386.325,25.5,10.9,15.7,15.2,,
419804,41787582,2023-02-17,515.5,,13.4,16.7,,7.05,
420441,40356741,2018-12-21,290.202,6.3,15.5,24.4,2.9,5.2,20.2
427032,40212619,2018-03-13,,43.3,11.5,17.1,,8.4,
427032,40428064,2018-11-27,,42.8,10.4,16.3,,8.2,
427032,40649318,2019-09-10,,44.7,10.1,16.1,,9.7,
427032,40876699,2020-03-27,,41.8,10.7,16.2,,8.1,
427032,41125355,2021-08-10,,45.7,12.3,18.8,23.6,6.46,
427032,41808313,2023-03-07,,46.1,13.9,31.9,,6.48,
430196,40369221,2018-02-28,,1.9,,,1.2,0.6,5.59
430196,40590493,2019-04-11,,2.6,,,1.9,0.3,11.9
430196,40815023,2019-10-11,,2.8,11.0,18.7,1.9,0.3,12.2
430196,41045475,2021-01-12,,2.5,11.2,19.7,2.4,11.1,9.02
431894,40461507,2018-03-07,0.38,0.2,15.1,9.74,0.2,0.451,
432865,41210527,2021-09-16,688.0,5.59,14.6,20.9,5.77,11.7,10.4
432865,41806727,2023-02-27,,,,21.8,,,
440910,41415437,2021-12-01,346.198,,13.7,12.6,,25.5,
440910,40842613,2019-11-25,673.5,,11.2,9.28,,20.4,
445304,40658938,2019-01-29,610.0,11.3,12.0,7.86,2.9,10.8,
445304,40664557,2019-02-26,512.0,19.6,12.1,7.54,,10.1,
446771,10482856,2023-04-13,,6.95,,,7.23,7.97,1.69
446771,41808866,2023-04-19,427.0,,15.2,37.5,,6.93,
448017,40221074,2018-01-17,,,,,,15.1,
448017,40437603,2018-07-18,,4.2,10.7,29.4,3.5,12.3,
448017,40658656,2019-09-02,,,,,,12.2,
448017,40886413,2020-02-10,435.5,4.5,10.3,25.4,4.7,11.5,
448017,41136130,2021-02-04,,5.5,10.8,24.3,10.9,12.5,
448017,41491890,2023-03-06,,,,,,11.9,
448017,41819260,2023-09-08,,,,,,10.6,
464458,41049915,2020-11-19,,5.5,,,2.8,13.1,13.3
464458,41275787,2021-09-06,,5.5,15.9,18.2,3.02,8.43,14.7
464458,40830742,2019-11-01,,,21.0,,,,
464458,40739467,2019-06-20,,,13.8,,,,
464458,40716728,2019-04-29,,,15.6,,,,
464458,40824880,2019-10-25,414.5,4.8,16.9,15.2,2.5,9.4,13.5
465365,41722718,2023-05-03,344.245,,14.2,19.6,,16.6,
477021,40608887,2018-12-06,493.191,4.6,11.7,21.4,2.0,21.7,7.94
492322,40698573,2019-04-05,545.0,57.8,13.0,17.8,21.5,13.8,
501909,40749536,2019-07-23,463.5,72.7,14.0,12.0,29.5,11.5,
509136,40269177,2018-05-03,,,,,,27.5,
509136,40489684,2019-04-29,,,,,,35.1,
509136,40712021,2019-08-13,,,12.0,,,40.9,
525910,41459062,2023-08-02,459.197,,16.1,27.6,,20.6,
525910,40973481,2020-06-29,499.0,8.7,17.9,24.2,4.9,15.8,
525910,40450990,2018-11-28,409.5,5.6,14.1,33.2,4.0,14.5,
525910,40233742,2018-03-12,409.5,5.7,12.9,31.8,3.2,36.3,1.0
530198,40386331,2018-09-13,,1.5,,5.99,0.4,7.5,36.7
530198,40607951,2019-09-09,,,11.8,,0.3,6.1,42.6
530198,40834170,2020-10-14,,8.3,12.2,6.63,3.4,5.85,16.6
530338,40991409,2020-09-21,,,7.82,,,,0.15
530338,41285043,2021-08-19,0.44,2.01,12.8,7.11,0.41,14.0,0.45
530338,41854981,2023-03-28,27.0,1.92,13.2,5.63,0.45,11.3,0.45
534824,10304942,2021-02-22,,,12.8,,,,
534824,41136396,2021-03-01,35.0,,,,,,
545069,41851860,2023-03-20,,6.57,13.8,,,30.2,
560863,40469555,2019-01-15,571.5,6.8,12.4,22.2,6.9,5.9,
560863,40250552,2018-01-15,,,,,,12.0,
563268,40999106,2020-08-06,279.2065,,12.4,16.9,,7.0,
563268,40335520,2018-11-12,0.4315,,11.8,17.5,,1.8,
569633,41128347,2021-02-12,550.5,4.8,11.7,11.4,2.5,1.1,6.26
569633,41478937,2023-07-10,,8.27,13.4,12.6,8.49,19.0,14.6
575650,40576986,2018-09-14,,5.6,11.6,18.7,10.8,6.1,
575650,40580946,2018-10-01,286.2565,9.4,11.9,25.9,6.9,23.0,
579143,40338275,2018-10-04,,,10.4,,,1.0,20.3
579143,40560888,2019-03-07,,,9.17,,0.2,1.2,16.0
579143,40783589,2019-11-20,,,10.4,,0.2,16.4,15.7
579143,41029350,2021-02-12,,0.2,9.51,19.9,0.2,16.8,14.3
580813,41337365,2021-11-03,,3.37,11.9,20.5,1.36,7.68,
580813,41029198,2021-05-03,,,12.5,21.7,,17.1,
580813,41656645,2023-01-20,,,,,,10.9,
580813,40750384,2019-07-08,,,,,,0.298,
580813,40769280,2019-08-09,776.5,0.2,11.5,19.5,0.2,0.324,1.29
593992,40427391,2018-01-15,,5.9,10.3,,2.8,100.0,
593992,40648265,2019-05-07,,39.5,14.8,11.9,10.8,69.3,
593992,41088917,2021-05-25,,,12.5,12.1,,12.1,
593992,41416598,2023-05-17,,,14.2,12.6,,5.52,
594357,40496167,2018-06-06,318.6535,,10.8,19.2,,62.3,
594357,40718192,2019-09-19,314.7075,6.5,11.0,16.5,2.6,137.0,
606942,41375646,2021-10-26,411.0,,13.4,42.7,,35.7,
613086,40390636,2018-05-18,338.6515,15.4,13.7,29.7,45.6,15.8,
613086,40842614,2019-11-25,385.0,4.7,14.0,31.4,2.4,8.9,
616578,40402475,2018-01-04,,,,,,,8.08
616578,40441568,2019-11-28,,,9.74,16.9,7.7,9.3,7.54
636550,41593777,2023-06-13,,7.04,12.7,10.1,4.42,1.49,14.2
636550,41059752,2021-05-11,,,14.7,11.5,,4.6,14.9
636550,40826751,2020-03-20,,,12.0,13.1,,6.2,18.8
636550,40603144,2019-09-03,,,11.8,,,4.6,16.2
636550,40224409,2019-03-19,,,10.8,,,2.6,8.23
641248,40369631,2018-06-15,826.5,53.7,10.8,20.9,25.3,12.1,
641248,40727282,2019-06-21,112.35,58.1,11.6,21.3,28.8,7.5,
641248,40947580,2020-08-21,549.0,40.5,10.7,14.1,25.8,15.3,
641248,41223127,2021-09-09,70.2555,,13.8,15.6,,5.28,
641498,40593474,2018-12-13,,4.5,12.3,16.2,4.6,35.3,
641498,40818092,2019-12-04,,3.6,10.6,16.6,7.0,27.7,
641498,41048740,2021-07-22,,,12.9,20.1,,28.5,
641498,41702006,2023-09-11,,,12.3,16.5,,38.9,
659263,41863244,2023-06-20,,,15.4,18.6,,5.44,
659263,41107166,2020-12-29,,,14.3,,,,
659263,40306938,2018-05-17,907.0,3.0,13.8,14.0,3.8,6.6,
659263,41086688,2020-11-30,,0.2,12.9,13.3,0.2,18.1,
662362,40282704,2018-05-03,,15.4,12.3,,8.8,13.8,15.5
662362,40497479,2019-05-03,673.0,15.3,13.0,21.4,9.3,17.4,17.5
662362,40939220,2020-05-19,,16.8,12.7,17.6,8.5,10.1,22.7
662362,41213296,2021-06-22,,16.7,10.2,17.8,9.3,7.2,16.9
662362,41598242,2023-06-09,,25.5,13.2,,8.47,10.6,19.6
676748,40487515,2019-03-25,391.6875,,11.1,3.53,,5.8,8.46
676748,41025957,2020-11-02,407.724,,10.6,3.58,2.5,7.3,10.2
679062,40949719,2021-02-17,,4.7,11.7,23.0,1.89,16.9,18.1
679062,40286106,2018-01-15,571.0,,12.0,27.8,,17.8,15.3
679062,40507226,2018-08-24,250.154,5.0,12.4,21.2,2.5,30.5,20.0
679062,40729311,2019-06-26,,4.6,,,2.4,28.9,18.9
679062,41612626,2023-03-14,,7.16,,,2.89,10.4,19.4
679219,40985991,2020-08-31,0.503,8.6,14.3,59.9,2.2,7.0,3.44
682837,10323538,2021-06-01,,,10.3,,,,
682837,40756615,2019-07-22,,2.9,,,2.4,215.0,6.43
682837,40771507,2019-08-16,700.0,2.3,10.1,36.9,1.4,2.0,6.9
682837,41029223,2021-01-04,,4.13,9.97,34.0,2.07,2.8,10.5
682837,41337379,2021-12-06,481.0,5.16,13.7,40.6,1.92,4.61,12.4
684144,40469250,2018-03-17,31.0,,10.8,,,1000.0,
696564,40526426,2018-06-27,666.0,,,22.2,,59.1,
698545,41349935,2021-10-19,,,,15.3,,9.07,4.84
698545,41029558,2020-09-24,453.2365,12.3,10.8,14.4,5.2,13.7,8.1
698545,41364420,2021-10-25,0.401,,,,,,
698545,40352496,2018-05-16,440.6825,,10.1,17.4,,11.2,6.86
698545,40798776,2019-09-16,573.0,,10.9,18.0,4.6,11.6,7.89
700119,40528111,2019-04-24,,,,,,36.0,
700119,40713525,2019-05-07,,,12.7,,,2.7,
700119,40934931,2020-08-11,,,12.4,,,4.3,
701124,40353342,2018-10-02,959.0,2.9,12.1,38.7,4.5,27.6,
703642,40818097,2019-12-20,676.0,4.9,13.2,32.9,3.2,6.3,16.3
707000,40811230,2020-01-10,533.0,63.0,14.4,18.3,31.6,22.6,
707000,41242220,2021-07-09,385.0,,17.2,15.9,,26.6,
718384,40738187,2020-02-21,,,,,,30.6,
718384,40957696,2020-08-14,515.5,7.2,12.4,28.2,3.9,,
718384,41042244,2020-11-03,35.0,,11.1,,,62.8,
719512,41728055,2023-04-12,461.0,,,9.49,,3.35,
719666,40712018,2019-09-09,,,,,,15.6,
719666,40932906,2020-06-08,653.0,6.32,12.0,13.6,1.2,5.0,3.04
719666,40269172,2018-03-06,,,12.7,14.4,,6.5,6.37
719666,40489681,2018-09-05,,,10.4,15.3,0.2,8.0,6.99
723521,40403417,2018-07-31,,4.2,,,6.5,9.2,
723521,40766849,2019-07-25,284.634,4.6,12.5,20.9,10.1,7.9,
723521,41028477,2021-03-11,,,14.4,29.3,,19.9,
724566,40496788,2018-05-02,312.5,4.7,12.1,6.05,1.1,44.8,0.62
724566,40496929,2018-05-19,64.0,,,,,,
741529,41092133,2020-12-16,431.0,2.1,14.1,21.6,1.9,27.0,20.7
743647,40937398,2020-05-14,361.5,92.6,11.1,14.1,41.2,8.0,
756395,40334226,2018-01-04,,2.3,10.7,31.8,2.8,2.3,
756395,40556869,2018-11-14,,9.4,,,36.1,6.2,
756395,40778286,2019-12-03,,2.2,,21.0,3.0,10.1,
760622,40286107,2018-02-07,,,13.3,,,22.8,
762512,40568599,2018-09-20,277.0,,,76.7,,,
763520,41376713,2021-12-23,542.0,,15.2,18.3,,19.1,
763520,40482221,2018-10-08,199.0,121.0,11.7,17.3,40.0,27.6,
770245,40479662,2019-01-16,599.5,3.4,9.04,22.2,6.4,,
770245,40909713,2020-03-05,501.5,1.6,8.64,18.3,5.6,13.4,
770245,41131459,2021-02-13,546.0,,,,,,
771570,40209059,2018-02-19,,,,,,5.4,
771570,40423691,2018-09-12,,,,,,1.3,
771570,40645595,2019-10-09,,,,,,1.6,
771570,40872712,2020-03-11,,,,,,1.9,
771570,41120622,2021-01-14,,,,,,4.18,
771570,41465119,2023-01-25,,,13.9,29.8,,6.66,
788785,40584363,2018-10-26,316.728,3.6,11.8,43.0,6.1,18.9,
788785,41048774,2020-10-14,653.0,,12.3,38.2,,19.1,
300005160,40520835,2018-06-22,512.5,3.2,11.6,25.4,3.2,10.7,0.72
300005160,40876518,2020-01-20,290.1975,9.2,11.5,22.0,6.5,16.5,1.19
300005321,40261776,2018-04-12,0.423,3.5,12.0,21.3,6.7,1.7,
300008318,40834524,2019-11-28,267.0,,,,,,
300016936,41604456,2023-03-24,,5.24,,,4.0,16.7,
300019022,40427299,2018-02-07,836.5,4.1,12.3,35.0,3.1,22.7,
300019022,40836810,2020-02-12,387.7885,4.0,13.1,29.5,1.2,8.18,
300019022,41804086,2023-02-07,645.0,,,,,,
300038107,41986197,2023-09-02,607.0,32.1,13.2,17.6,22.1,12.7,0.59
300038271,40194284,2018-03-13,534.5,6.1,8.88,13.3,4.0,264.0,9.76
300038271,40410602,2018-09-20,495.5,5.8,8.6,13.3,4.8,178.0,13.7
300038271,40810969,2019-10-02,349.18,5.3,9.66,15.4,3.5,0.437,8.03
300039327,40711767,2019-05-17,507.0,58.3,12.9,15.6,26.4,9.8,
300039327,41073385,2020-11-12,359.1785,45.8,13.6,19.3,19.1,7.9,
300039327,40485243,2018-04-14,,44.2,12.2,,17.5,15.1,
300039327,40489150,2018-05-17,442.0,,,16.6,,,
300042597,40200711,2018-01-10,632.5,2.4,,15.6,5.1,26.8,
300042597,40416167,2019-01-14,404.234,3.6,12.4,15.8,4.4,14.7,
300042597,40864845,2020-01-13,361.72,,13.6,18.0,,18.0,
300044383,40194406,2018-03-05,316.744,2.3,11.0,44.0,2.6,6.4,
300044383,40421368,2018-09-13,825.0,,11.7,31.2,,13.0,
300044383,40643480,2019-05-27,350.7045,4.4,11.4,30.3,2.8,8.4,
300044383,40869456,2020-01-13,,0.6,13.7,18.3,0.4,6.8,
300044898,10198329,2019-08-20,,,,,,70.0,
300044898,40789594,2019-11-25,,2.0,11.6,20.9,6.3,17.9,
300044898,41052357,2021-02-09,,,13.0,28.2,,14.1,
300044898,41901942,2023-07-11,,,,,,11.6,
300050273,40260455,2018-03-15,435.5,7.4,,22.9,2.2,12.2,
300052288,40388593,2018-05-08,407.7565,,13.7,20.4,5.5,6.2,19.6
300053872,40893127,2020-02-09,163.5,7.4,6.93,24.0,2.2,4.9,1.12
300055956,41753117,2023-01-24,,2.89,15.0,31.1,6.01,22.8,
300060826,40783006,2019-08-20,261.675,1.4,11.2,26.8,0.3,7.58,
300074226,40337331,2018-02-07,216.33,25.4,10.6,8.95,8.0,9.2,
300074226,40459259,2018-03-13,420.0,26.7,12.2,8.44,9.9,,
300074226,40559583,2019-09-06,491.5,28.0,12.3,8.8,8.9,8.4,
300076830,40547024,2018-08-10,366.6435,4.3,11.4,22.3,7.9,14.0,
300076830,41029212,2021-05-31,,,12.2,28.4,,13.7,
300076830,41337374,2021-12-22,,,,,,38.2,
300076830,41908062,2023-06-20,516.0,,13.1,24.0,,11.7,
300083673,41739660,2023-01-16,,5.05,15.0,,5.28,8.62,0.98
300085437,10243007,2020-05-15,,,,28.6,,,
300085437,10316326,2021-04-22,,,,20.3,,,
300087536,41223132,2021-07-30,505.5,,,,,,
300087536,40947596,2020-08-11,291.0,2.7,13.4,15.9,2.6,6.85,12.9
300089791,40435452,2018-01-30,304.6495,7.1,8.17,10.8,0.7,19.9,0.75
300089791,40444422,2018-03-01,522.0,,,,,,
300093978,40645100,2019-01-18,638.5,59.7,9.08,11.8,27.5,10.3,
300093978,40871973,2020-06-10,394.213,31.8,8.29,9.97,15.0,11.1,
300093978,41668479,2023-08-10,626.5,55.7,10.2,10.9,25.5,8.76,
300095886,41821635,2023-02-20,0.272,15.0,17.5,13.2,25.0,33.5,
300096301,40578454,2018-12-10,,25.2,,,20.5,5.8,
300096301,41283030,2021-07-22,,89.4,14.8,,,5.15,
300101347,40536446,2018-07-19,368.7775,,13.9,19.5,,16.7,
300101347,41147095,2021-05-05,397.5,,15.1,27.4,,36.8,
300101347,41507635,2023-03-03,,0.95,17.4,25.4,2.62,8.44,
300106418,41608696,2023-03-23,,,,,,56.1,
300106418,41904125,2023-06-15,,,,,,2.41,
300106418,40871852,2020-04-22,,0.2,12.7,13.0,0.2,5.3,
300109121,40689394,2019-03-16,0.465,2.0,11.2,6.01,0.6,6.7,0.52
300111316,40525063,2018-06-19,,3.5,12.1,88.2,3.3,24.4,
300111316,40527105,2018-07-10,,4.0,11.2,46.1,4.8,16.7,
300111544,40541192,2018-07-30,303.262,2.5,10.9,29.3,2.3,30.4,15.4
300111544,40764150,2019-07-23,,,12.9,,,16.4,19.3
300111544,40935260,2020-05-25,,1.9,12.8,28.5,3.4,12.2,9.63
300111544,41572372,2023-09-04,,,16.1,23.4,,11.4,17.5
300116322,40545139,2018-07-31,483.656,24.7,10.9,13.2,9.0,17.5,5.41
300116322,40552750,2018-08-24,595.0,23.1,12.1,11.6,7.5,13.3,5.66
300121638,40571641,2018-09-05,14.0,1.7,7.06,16.7,0.9,6.0,0.45
300121872,40645199,2019-02-20,663.0,,13.3,34.0,,10.8,17.1
300121872,40780879,2019-10-01,0.256,3.6,12.1,40.6,3.2,6.5,19.9
300122126,40614949,2018-11-29,401.5,5.8,10.9,7.06,0.9,17.6,2.51
300129549,40611399,2018-11-13,,5.6,,,3.3,8.8,
300129549,40635345,2018-12-31,825.0,6.7,13.7,13.5,3.0,6.3,13.2
300129549,40862268,2020-05-25,420.1975,5.7,16.3,15.7,2.21,5.9,9.99
300129549,41841254,2023-07-13,404.706,9.49,18.9,16.9,3.15,6.22,14.0
300135859,40643797,2019-01-10,585.0,3.7,11.1,17.6,2.4,7.0,16.6
300135859,40684496,2019-07-24,611.5,3.7,11.2,15.6,1.6,9.7,
300135859,40951317,2020-06-24,386.218,3.8,12.9,14.6,2.0,9.1,11.9
300135859,41229150,2021-07-21,350.7025,,13.3,,2.67,8.82,10.4
300139324,40731315,2019-05-28,0.482,6.0,14.8,20.9,4.9,25.2,
300141229,40685052,2019-04-02,0.448,3.5,8.31,13.6,2.3,19.8,
300145402,10293611,2021-01-13,,11.9,12.1,18.4,5.7,6.8,19.3
300145402,40877902,2020-01-21,373.5,11.8,11.0,16.9,6.3,8.4,15.8
300146159,41343601,2021-09-22,523.0,,,,,,
300146159,41330948,2021-09-16,0.414,5.82,9.46,13.2,1.54,13.5,1.99
300146159,41330653,2021-09-13,78.0,6.32,8.36,12.5,1.69,13.9,3.37
300146323,40701846,2019-04-04,237.0,6.3,8.96,18.3,1.9,24.1,16.4
300146323,40702893,2019-04-12,0.497,6.1,6.89,16.7,1.7,21.1,16.4
300152679,40795297,2019-10-15,221.0,3.6,8.34,31.1,2.0,34.3,15.4
300158347,40791985,2019-09-02,414.702,4.6,6.85,1.61,2.6,20.2,2.32
300158347,40866153,2019-12-30,708.0,4.2,9.78,2.22,3.2,,2.4
300163600,41377142,2021-10-28,427.2215,,10.3,9.27,,27.6,
300163600,41378996,2021-11-02,0.368,9.42,11.3,11.7,3.1,34.3,
300163948,40790346,2019-09-10,73.7195,,,,,,
300163948,40792991,2019-09-12,0.408,,,40.4,,,
300164836,41827423,2023-03-30,,,13.5,,,,
300165375,40811472,2019-10-01,453.5,83.3,12.7,19.9,30.8,6.0,
300176279,40991188,2020-09-01,119.0,1.3,10.3,3.22,0.2,19.2,0.15
300176279,40870039,2020-06-23,58.5,3.6,9.54,8.34,0.2,27.0,0.15
300176279,40852504,2019-12-05,0.324,,12.1,,,40.0,
300176279,40854922,2019-12-09,,2.1,,7.33,0.2,,0.22
300176279,40862729,2020-01-03,223.0,,,,,,
300186898,41294221,2021-08-23,699.0,,14.9,20.1,,27.2,
300208856,41019511,2020-09-15,344.0,,,30.6,,,
300228153,41121823,2021-02-04,441.0,,,,,,
300241712,41153362,2021-04-16,,3.3,13.2,17.5,3.0,5.76,5.73
300266681,41230376,2021-05-28,35.0,29.7,14.9,6.33,2.1,5.7,14.0
300284412,41177780,2021-04-22,297.0,,,,,,
300284412,41143411,2021-02-23,507.218,5.2,6.66,7.44,1.8,5.5,3.74
300301551,41209720,2021-06-18,577.0,2.3,9.61,11.9,1.4,75.7,5.49
300312446,41314500,2021-09-02,0.488,,,,,,
300387138,41673803,2023-01-13,,,,,,1.07,10.4
